{
  "Code Analysis": {
    "PMD": {
      "PMD": [
        {
          "cadre": "Code Analysis",
          "group": "PMD",
          "testClass": "PMD",
          "testCaseID": "CATC1-PMD.codingStandards",
          "testCaseName": "Verifying the code for adherence to coding standards",
          "result": "Pass"
        }
      ]
    }
  },
  "Structural": {
    "JUnit": {
      "IssueServiceTest": [
        {
          "cadre": "Structural",
          "group": "JUnit",
          "testClass": "IssueServiceTest",
          "testCaseID": "STC1-IssueServiceTest.reportAnIssueInvalidReportedDateTest",
          "testCaseName": "Verifying the structure of reportAnIssueInvalidReportedDateTest",
          "result": "Pass"
        },
        {
          "cadre": "Structural",
          "group": "JUnit",
          "testClass": "IssueServiceTest",
          "testCaseID": "STC2-IssueServiceTest.reportAnIssueValidTest",
          "testCaseName": "Verifying the structure of reportAnIssueValidTest",
          "result": "Pass"
        },
        {
          "cadre": "Structural",
          "group": "JUnit",
          "testClass": "IssueServiceTest",
          "testCaseID": "STC3-IssueServiceTest.attributes",
          "testCaseName": "Verifying the structure of attributes",
          "result": "Pass"
        },
        {
          "cadre": "Structural",
          "group": "JUnit",
          "testClass": "IssueServiceTest",
          "testCaseID": "STC4-IssueServiceTest.reportAnIssueInvalidStatusTest",
          "testCaseName": "Verifying the structure of reportAnIssueInvalidStatusTest",
          "result": "Pass"
        }
      ]
    },
    "Model": {
      "Assignee": [
        {
          "cadre": "Structural",
          "group": "Model",
          "testClass": "Assignee",
          "testCaseID": "STC1-Assignee.getAssigneeEmail",
          "testCaseName": "Verifying the structure of getAssigneeEmail",
          "result": "Pass"
        },
        {
          "cadre": "Structural",
          "group": "Model",
          "testClass": "Assignee",
          "testCaseID": "STC2-Assignee.constructor",
          "testCaseName": "Verifying the structure of constructor",
          "result": "Pass"
        },
        {
          "cadre": "Structural",
          "group": "Model",
          "testClass": "Assignee",
          "testCaseID": "STC3-Assignee.setNumberOfIssuesActive",
          "testCaseName": "Verifying the structure of setNumberOfIssuesActive",
          "result": "Pass"
        },
        {
          "cadre": "Structural",
          "group": "Model",
          "testClass": "Assignee",
          "testCaseID": "STC4-Assignee.setEmployeeSince",
          "testCaseName": "Verifying the structure of setEmployeeSince",
          "result": "Pass"
        },
        {
          "cadre": "Structural",
          "group": "Model",
          "testClass": "Assignee",
          "testCaseID": "STC5-Assignee.getWorkingUnit",
          "testCaseName": "Verifying the structure of getWorkingUnit",
          "result": "Pass"
        },
        {
          "cadre": "Structural",
          "group": "Model",
          "testClass": "Assignee",
          "testCaseID": "STC6-Assignee.getAssigneeName",
          "testCaseName": "Verifying the structure of getAssigneeName",
          "result": "Pass"
        },
        {
          "cadre": "Structural",
          "group": "Model",
          "testClass": "Assignee",
          "testCaseID": "STC7-Assignee.setAssigneeEmail",
          "testCaseName": "Verifying the structure of setAssigneeEmail",
          "result": "Pass"
        },
        {
          "cadre": "Structural",
          "group": "Model",
          "testClass": "Assignee",
          "testCaseID": "STC8-Assignee.attributes",
          "testCaseName": "Verifying the structure of attributes",
          "result": "Pass"
        },
        {
          "cadre": "Structural",
          "group": "Model",
          "testClass": "Assignee",
          "testCaseID": "STC9-Assignee.setAssigneeName",
          "testCaseName": "Verifying the structure of setAssigneeName",
          "result": "Pass"
        },
        {
          "cadre": "Structural",
          "group": "Model",
          "testClass": "Assignee",
          "testCaseID": "STC10-Assignee.getAssigneeId",
          "testCaseName": "Verifying the structure of getAssigneeId",
          "result": "Pass"
        },
        {
          "cadre": "Structural",
          "group": "Model",
          "testClass": "Assignee",
          "testCaseID": "STC11-Assignee.getEmployeeSince",
          "testCaseName": "Verifying the structure of getEmployeeSince",
          "result": "Pass"
        },
        {
          "cadre": "Structural",
          "group": "Model",
          "testClass": "Assignee",
          "testCaseID": "STC12-Assignee.getNumberOfIssuesActive",
          "testCaseName": "Verifying the structure of getNumberOfIssuesActive",
          "result": "Pass"
        },
        {
          "cadre": "Structural",
          "group": "Model",
          "testClass": "Assignee",
          "testCaseID": "STC13-Assignee.setAssigneeId",
          "testCaseName": "Verifying the structure of setAssigneeId",
          "result": "Pass"
        },
        {
          "cadre": "Structural",
          "group": "Model",
          "testClass": "Assignee",
          "testCaseID": "STC14-Assignee.setWorkingUnit",
          "testCaseName": "Verifying the structure of setWorkingUnit",
          "result": "Pass"
        }
      ],
      "IssueReport": [
        {
          "cadre": "Structural",
          "group": "Model",
          "testClass": "IssueReport",
          "testCaseID": "STC1-IssueReport.getAssigneeEmail",
          "testCaseName": "Verifying the structure of getAssigneeEmail",
          "result": "Pass"
        },
        {
          "cadre": "Structural",
          "group": "Model",
          "testClass": "IssueReport",
          "testCaseID": "STC2-IssueReport.constructor",
          "testCaseName": "Verifying the structure of constructor",
          "result": "Pass"
        },
        {
          "cadre": "Structural",
          "group": "Model",
          "testClass": "IssueReport",
          "testCaseID": "STC3-IssueReport.setIssueDescription",
          "testCaseName": "Verifying the structure of setIssueDescription",
          "result": "Pass"
        },
        {
          "cadre": "Structural",
          "group": "Model",
          "testClass": "IssueReport",
          "testCaseID": "STC4-IssueReport.getIssueId",
          "testCaseName": "Verifying the structure of getIssueId",
          "result": "Pass"
        },
        {
          "cadre": "Structural",
          "group": "Model",
          "testClass": "IssueReport",
          "testCaseID": "STC5-IssueReport.getIssueDescription",
          "testCaseName": "Verifying the structure of getIssueDescription",
          "result": "Pass"
        },
        {
          "cadre": "Structural",
          "group": "Model",
          "testClass": "IssueReport",
          "testCaseID": "STC6-IssueReport.setAssigneeEmail",
          "testCaseName": "Verifying the structure of setAssigneeEmail",
          "result": "Pass"
        },
        {
          "cadre": "Structural",
          "group": "Model",
          "testClass": "IssueReport",
          "testCaseID": "STC7-IssueReport.attributes",
          "testCaseName": "Verifying the structure of attributes",
          "result": "Pass"
        },
        {
          "cadre": "Structural",
          "group": "Model",
          "testClass": "IssueReport",
          "testCaseID": "STC8-IssueReport.setStatus",
          "testCaseName": "Verifying the structure of setStatus",
          "result": "Pass"
        },
        {
          "cadre": "Structural",
          "group": "Model",
          "testClass": "IssueReport",
          "testCaseID": "STC9-IssueReport.setIssueId",
          "testCaseName": "Verifying the structure of setIssueId",
          "result": "Pass"
        },
        {
          "cadre": "Structural",
          "group": "Model",
          "testClass": "IssueReport",
          "testCaseID": "STC10-IssueReport.getStatus",
          "testCaseName": "Verifying the structure of getStatus",
          "result": "Pass"
        }
      ],
      "IssueStatus": [
        {
          "cadre": "Structural",
          "group": "Model",
          "testClass": "IssueStatus",
          "testCaseID": "STC1-IssueStatus.constants",
          "testCaseName": "Verifying the structure of constants",
          "result": "Pass"
        }
      ]
    },
    "Service": {
      "AssigneeServiceImpl": [
        {
          "cadre": "Structural",
          "group": "Service",
          "testClass": "AssigneeServiceImpl",
          "testCaseID": "STC1-AssigneeServiceImpl.inheritance",
          "testCaseName": "Verifying the structure of inheritance",
          "result": "Pass"
        },
        {
          "cadre": "Structural",
          "group": "Service",
          "testClass": "AssigneeServiceImpl",
          "testCaseID": "STC2-AssigneeServiceImpl.updateActiveIssueCount",
          "testCaseName": "Verifying the structure of updateActiveIssueCount",
          "result": "Pass"
        },
        {
          "cadre": "Structural",
          "group": "Service",
          "testClass": "AssigneeServiceImpl",
          "testCaseID": "STC3-AssigneeServiceImpl.attributes",
          "testCaseName": "Verifying the structure of attributes",
          "result": "Pass"
        },
        {
          "cadre": "Structural",
          "group": "Service",
          "testClass": "AssigneeServiceImpl",
          "testCaseID": "STC4-AssigneeServiceImpl.fetchAssignee",
          "testCaseName": "Verifying the structure of fetchAssignee",
          "result": "Pass"
        }
      ],
      "IssueServiceImpl": [
        {
          "cadre": "Structural",
          "group": "Service",
          "testClass": "IssueServiceImpl",
          "testCaseID": "STC1-IssueServiceImpl.inheritance",
          "testCaseName": "Verifying the structure of inheritance",
          "result": "Pass"
        },
        {
          "cadre": "Structural",
          "group": "Service",
          "testClass": "IssueServiceImpl",
          "testCaseID": "STC2-IssueServiceImpl.reportAnIssue",
          "testCaseName": "Verifying the structure of reportAnIssue",
          "result": "Pass"
        },
        {
          "cadre": "Structural",
          "group": "Service",
          "testClass": "IssueServiceImpl",
          "testCaseID": "STC3-IssueServiceImpl.deleteIssues",
          "testCaseName": "Verifying the structure of deleteIssues",
          "result": "Pass"
        },
        {
          "cadre": "Structural",
          "group": "Service",
          "testClass": "IssueServiceImpl",
          "testCaseID": "STC4-IssueServiceImpl.updateStatus",
          "testCaseName": "Verifying the structure of updateStatus",
          "result": "Pass"
        },
        {
          "cadre": "Structural",
          "group": "Service",
          "testClass": "IssueServiceImpl",
          "testCaseID": "STC5-IssueServiceImpl.attributes",
          "testCaseName": "Verifying the structure of attributes",
          "result": "Pass"
        },
        {
          "cadre": "Structural",
          "group": "Service",
          "testClass": "IssueServiceImpl",
          "testCaseID": "STC6-IssueServiceImpl.showIssues",
          "testCaseName": "Verifying the structure of showIssues",
          "result": "Pass"
        }
      ]
    },
    "Exception": {
      "IssueTrackerException": [
        {
          "cadre": "Structural",
          "group": "Exception",
          "testClass": "IssueTrackerException",
          "testCaseID": "STC1-IssueTrackerException.inheritance",
          "testCaseName": "Verifying the structure of inheritance",
          "result": "Pass"
        },
        {
          "cadre": "Structural",
          "group": "Exception",
          "testClass": "IssueTrackerException",
          "testCaseID": "STC2-IssueTrackerException.constructor",
          "testCaseName": "Verifying the structure of constructor",
          "result": "Pass"
        }
      ]
    },
    "Validator": {
      "Validator": [
        {
          "cadre": "Structural",
          "group": "Validator",
          "testClass": "Validator",
          "testCaseID": "STC1-Validator.validate",
          "testCaseName": "Verifying the structure of validate",
          "result": "Pass"
        },
        {
          "cadre": "Structural",
          "group": "Validator",
          "testClass": "Validator",
          "testCaseID": "STC2-Validator.isValidIssueDescription",
          "testCaseName": "Verifying the structure of isValidIssueDescription",
          "result": "Pass"
        },
        {
          "cadre": "Structural",
          "group": "Validator",
          "testClass": "Validator",
          "testCaseID": "STC3-Validator.isValidReportedOn",
          "testCaseName": "Verifying the structure of isValidReportedOn",
          "result": "Pass"
        },
        {
          "cadre": "Structural",
          "group": "Validator",
          "testClass": "Validator",
          "testCaseID": "STC4-Validator.isValidIssueId",
          "testCaseName": "Verifying the structure of isValidIssueId",
          "result": "Pass"
        },
        {
          "cadre": "Structural",
          "group": "Validator",
          "testClass": "Validator",
          "testCaseID": "STC5-Validator.isValidStatus",
          "testCaseName": "Verifying the structure of isValidStatus",
          "result": "Pass"
        }
      ]
    }
  },
  "Logical": {
    "Logging": {
      "Logging": [
        {
          "cadre": "Logical",
          "group": "Logging",
          "testClass": "Logging",
          "testCaseID": "LTC1-Logging.serviceLogging",
          "testCaseName": "Verifying the functionality of serviceLogging",
          "testCaseDescription": "Expecting exact exceptions to be logged in IssueServiceImpl",
          "result": "Pass"
        },
        {
          "cadre": "Logical",
          "group": "Logging",
          "testClass": "Logging",
          "testCaseID": "LTC2-Logging.validatorLogging",
          "testCaseName": "Verifying the functionality of validatorLogging",
          "testCaseDescription": "Expecting exceptions to be logged in Validator",
          "result": "Pass"
        },
        {
          "cadre": "Logical",
          "group": "Logging",
          "testClass": "Logging",
          "testCaseID": "LTC3-Logging.serviceLogging",
          "testCaseName": "Verifying the functionality of serviceLogging",
          "testCaseDescription": "Expecting exceptions to be logged in IssueServiceImpl",
          "result": "Pass"
        },
        {
          "cadre": "Logical",
          "group": "Logging",
          "testClass": "Logging",
          "testCaseID": "LTC4-Logging.serviceLogging",
          "testCaseName": "Verifying the functionality of serviceLogging",
          "testCaseDescription": "Expecting Validator exceptions to be not logged in IssueServiceImpl",
          "result": "Pass"
        },
        {
          "cadre": "Logical",
          "group": "Logging",
          "testClass": "Logging",
          "testCaseID": "LTC5-Logging.validatorLogging",
          "testCaseName": "Verifying the functionality of validatorLogging",
          "testCaseDescription": "Expecting accurate exceptions to be logged in Validator",
          "result": "Pass"
        }
      ]
    },
    "JUnit": {
      "IssueServiceTest": [
        {
          "cadre": "Logical",
          "group": "JUnit",
          "testClass": "IssueServiceTest",
          "testCaseID": "LTC1-IssueServiceTest.reportAnIssueInvalidReportedDateTest",
          "testCaseName": "Verifying the functionality of reportAnIssueInvalidReportedDateTest",
          "result": "Pass"
        },
        {
          "cadre": "Logical",
          "group": "JUnit",
          "testClass": "IssueServiceTest",
          "testCaseID": "LTC2-IssueServiceTest.reportAnIssueInvalidStatusTest",
          "testCaseName": "Verifying the functionality of reportAnIssueInvalidStatusTest",
          "result": "Pass"
        },
        {
          "cadre": "Logical",
          "group": "JUnit",
          "testClass": "IssueServiceTest",
          "testCaseID": "LTC3-IssueServiceTest.reportAnIssueDuplicateIssueIdTest",
          "testCaseName": "Verifying the functionality of reportAnIssueDuplicateIssueIdTest",
          "result": "Pass"
        },
        {
          "cadre": "Logical",
          "group": "JUnit",
          "testClass": "IssueServiceTest",
          "testCaseID": "LTC4-IssueServiceTest.reportAnIssueValidTest",
          "testCaseName": "Verifying the functionality of reportAnIssueValidTest",
          "result": "Pass"
        },
        {
          "cadre": "Logical",
          "group": "JUnit",
          "testClass": "IssueServiceTest",
          "testCaseID": "LTC5-IssueServiceTest.reportAnIssueInvalidReportedDateTest",
          "testCaseName": "Verifying the functionality of reportAnIssueInvalidReportedDateTest",
          "result": "Pass"
        },
        {
          "cadre": "Logical",
          "group": "JUnit",
          "testClass": "IssueServiceTest",
          "testCaseID": "LTC6-IssueServiceTest.reportAnIssueInvalidStatusTest",
          "testCaseName": "Verifying the functionality of reportAnIssueInvalidStatusTest",
          "result": "Pass"
        },
        {
          "cadre": "Logical",
          "group": "JUnit",
          "testClass": "IssueServiceTest",
          "testCaseID": "LTC7-IssueServiceTest.reportAnIssueDuplicateIssueIdTest",
          "testCaseName": "Verifying the functionality of reportAnIssueDuplicateIssueIdTest",
          "result": "Pass"
        }
      ]
    },
    "Service": {
      "AssigneeServiceImpl": [
        {
          "cadre": "Logical",
          "group": "Service",
          "testClass": "AssigneeServiceImpl",
          "testCaseID": "LTC1-AssigneeServiceImpl.updateActiveIssueCount",
          "testCaseName": "Verifying the functionality of updateActiveIssueCount",
          "result": "Pass"
        },
        {
          "cadre": "Logical",
          "group": "Service",
          "testClass": "AssigneeServiceImpl",
          "testCaseID": "LTC2-AssigneeServiceImpl.fetchAssignee",
          "testCaseName": "Verifying the functionality of fetchAssignee",
          "result": "Pass"
        },
        {
          "cadre": "Logical",
          "group": "Service",
          "testClass": "AssigneeServiceImpl",
          "testCaseID": "LTC3-AssigneeServiceImpl.updateActiveIssueCount",
          "testCaseName": "Verifying the functionality of updateActiveIssueCount",
          "result": "Pass"
        },
        {
          "cadre": "Logical",
          "group": "Service",
          "testClass": "AssigneeServiceImpl",
          "testCaseID": "LTC4-AssigneeServiceImpl.fetchAssignee",
          "testCaseName": "Verifying the functionality of fetchAssignee",
          "result": "Pass"
        }
      ],
      "IssueServiceImpl": [
        {
          "cadre": "Logical",
          "group": "Service",
          "testClass": "IssueServiceImpl",
          "testCaseID": "LTC1-IssueServiceImpl.reportAnIssue",
          "testCaseName": "Verifying the functionality of reportAnIssue",
          "result": "Pass"
        },
        {
          "cadre": "Logical",
          "group": "Service",
          "testClass": "IssueServiceImpl",
          "testCaseID": "LTC2-IssueServiceImpl.reportAnIssue",
          "testCaseName": "Verifying the functionality of reportAnIssue",
          "testCaseDescription": "Expecting an exception Throw - 'IssueService.DUPLICATE_ISSUE_ID'",
          "result": "Pass"
        },
        {
          "cadre": "Logical",
          "group": "Service",
          "testClass": "IssueServiceImpl",
          "testCaseID": "LTC3-IssueServiceImpl.updateStatus",
          "testCaseName": "Verifying the functionality of updateStatus",
          "testCaseDescription": "Expecting an exception Throw - 'IssueService.NO_STATUS_CHANGE'",
          "result": "Pass"
        },
        {
          "cadre": "Logical",
          "group": "Service",
          "testClass": "IssueServiceImpl",
          "testCaseID": "LTC4-IssueServiceImpl.deleteIssues",
          "testCaseName": "Verifying the functionality of deleteIssues",
          "result": "Pass"
        },
        {
          "cadre": "Logical",
          "group": "Service",
          "testClass": "IssueServiceImpl",
          "testCaseID": "LTC5-IssueServiceImpl.updateStatus",
          "testCaseName": "Verifying the functionality of updateStatus",
          "result": "Pass"
        },
        {
          "cadre": "Logical",
          "group": "Service",
          "testClass": "IssueServiceImpl",
          "testCaseID": "LTC6-IssueServiceImpl.updateStatus",
          "testCaseName": "Verifying the functionality of updateStatus",
          "testCaseDescription": "Expecting an exception Throw - 'IssueService.ISSUE_NOT_FOUND'",
          "result": "Pass"
        },
        {
          "cadre": "Logical",
          "group": "Service",
          "testClass": "IssueServiceImpl",
          "testCaseID": "LTC7-IssueServiceImpl.reportAnIssue",
          "testCaseName": "Verifying the functionality of reportAnIssue",
          "testCaseDescription": "Invocation of AssigneeService methods",
          "result": "Pass"
        },
        {
          "cadre": "Logical",
          "group": "Service",
          "testClass": "IssueServiceImpl",
          "testCaseID": "LTC8-IssueServiceImpl.showIssues",
          "testCaseName": "Verifying the functionality of showIssues",
          "result": "Pass"
        },
        {
          "cadre": "Logical",
          "group": "Service",
          "testClass": "IssueServiceImpl",
          "testCaseID": "LTC9-IssueServiceImpl.showIssues",
          "testCaseName": "Verifying the functionality of showIssues",
          "testCaseDescription": "Expecting an exception Throw - 'IssueService.NO_ISSUES_FOUND'",
          "result": "Pass"
        },
        {
          "cadre": "Logical",
          "group": "Service",
          "testClass": "IssueServiceImpl",
          "testCaseID": "LTC10-IssueServiceImpl.updateStatus",
          "testCaseName": "Verifying the functionality of updateStatus",
          "testCaseDescription": "Expecting an exception Throw - 'IssueService.INCOMPATIBLE_STATUS'",
          "result": "Pass"
        }
      ]
    },
    "Validator": {
      "Validator": [
        {
          "cadre": "Logical",
          "group": "Validator",
          "testClass": "Validator",
          "testCaseID": "LTC1-Validator.validate",
          "testCaseName": "Verifying the functionality of validate",
          "testCaseDescription": "Expecting an exception throw - 'Validator.INVALID_ISSUE_ID'",
          "result": "Pass"
        },
        {
          "cadre": "Logical",
          "group": "Validator",
          "testClass": "Validator",
          "testCaseID": "LTC2-Validator.validate",
          "testCaseName": "Verifying the functionality of validate",
          "testCaseDescription": "Expecting an exception throw - 'Validator.INVALID_ISSUE_DESCRIPTION'",
          "result": "Pass"
        },
        {
          "cadre": "Logical",
          "group": "Validator",
          "testClass": "Validator",
          "testCaseID": "LTC3-Validator.validate",
          "testCaseName": "Verifying the functionality of validate",
          "testCaseDescription": "Expecting an exception throw - 'Validator.INVALID_REPORTED_DATE'",
          "result": "Pass"
        },
        {
          "cadre": "Logical",
          "group": "Validator",
          "testClass": "Validator",
          "testCaseID": "LTC4-Validator.validate",
          "testCaseName": "Verifying the functionality of validate",
          "testCaseDescription": "Expecting an exception throw - 'Validator.INVALID_STATUS'",
          "result": "Pass"
        },
        {
          "cadre": "Logical",
          "group": "Validator",
          "testClass": "Validator",
          "testCaseID": "LTC1-Validator.isValidIssueDescription",
          "testCaseName": "Verifying the functionality of isValidIssueDescription",
          "testCaseDescription": "Expecting to return 'true' for 'This is a sample description'",
          "result": "Pass"
        },
        {
          "cadre": "Logical",
          "group": "Validator",
          "testClass": "Validator",
          "testCaseID": "LTC2-Validator.isValidIssueDescription",
          "testCaseName": "Verifying the functionality of isValidIssueDescription",
          "testCaseDescription": "Expecting to return 'true' for 'this is a sample description'",
          "result": "Pass"
        },
        {
          "cadre": "Logical",
          "group": "Validator",
          "testClass": "Validator",
          "testCaseID": "LTC3-Validator.isValidIssueDescription",
          "testCaseName": "Verifying the functionality of isValidIssueDescription",
          "testCaseDescription": "Expecting to return 'true' for 'THIS IS A SAMPLE DESCRIPTION'",
          "result": "Pass"
        },
        {
          "cadre": "Logical",
          "group": "Validator",
          "testClass": "Validator",
          "testCaseID": "LTC4-Validator.isValidIssueDescription",
          "testCaseName": "Verifying the functionality of isValidIssueDescription",
          "testCaseDescription": "Expecting to return 'true' for 'Description'",
          "result": "Pass"
        },
        {
          "cadre": "Logical",
          "group": "Validator",
          "testClass": "Validator",
          "testCaseID": "LTC5-Validator.isValidIssueDescription",
          "testCaseName": "Verifying the functionality of isValidIssueDescription",
          "testCaseDescription": "Expecting to return 'true' for 'A'",
          "result": "Pass"
        },
        {
          "cadre": "Logical",
          "group": "Validator",
          "testClass": "Validator",
          "testCaseID": "LTC6-Validator.isValidIssueDescription",
          "testCaseName": "Verifying the functionality of isValidIssueDescription",
          "testCaseDescription": "Expecting to return 'true' for 'Description which exactly fits the length criteria'",
          "result": "Pass"
        },
        {
          "cadre": "Logical",
          "group": "Validator",
          "testClass": "Validator",
          "testCaseID": "LTC7-Validator.isValidIssueDescription",
          "testCaseName": "Verifying the functionality of isValidIssueDescription",
          "testCaseDescription": "Expecting to return 'false' for 'This is a sample description which is too long to be acceptable' | Issue description should be within 50 characters",
          "result": "Pass"
        },
        {
          "cadre": "Logical",
          "group": "Validator",
          "testClass": "Validator",
          "testCaseID": "LTC8-Validator.isValidIssueDescription",
          "testCaseName": "Verifying the functionality of isValidIssueDescription",
          "testCaseDescription": "Expecting to return 'false' for 'This is also a description!' | Issue description cannot contain any special characters",
          "result": "Pass"
        },
        {
          "cadre": "Logical",
          "group": "Validator",
          "testClass": "Validator",
          "testCaseID": "LTC9-Validator.isValidIssueDescription",
          "testCaseName": "Verifying the functionality of isValidIssueDescription",
          "testCaseDescription": "Expecting to return 'false' for 'We have 2 types of test case scenarios' | Issue description cannot have numeric values",
          "result": "Pass"
        },
        {
          "cadre": "Logical",
          "group": "Validator",
          "testClass": "Validator",
          "testCaseID": "LTC10-Validator.isValidIssueDescription",
          "testCaseName": "Verifying the functionality of isValidIssueDescription",
          "testCaseDescription": "Expecting to return 'false' for ' A description practising social distancing ' | Issue description cannot contain leading or trailing spaces",
          "result": "Pass"
        },
        {
          "cadre": "Logical",
          "group": "Validator",
          "testClass": "Validator",
          "testCaseID": "LTC11-Validator.isValidIssueDescription",
          "testCaseName": "Verifying the functionality of isValidIssueDescription",
          "testCaseDescription": "Expecting to return 'false' for 'A description  practising   social    distancing' | Each word in the issue description should be separated by a single space",
          "result": "Pass"
        },
        {
          "cadre": "Logical",
          "group": "Validator",
          "testClass": "Validator",
          "testCaseID": "LTC12-Validator.isValidIssueDescription",
          "testCaseName": "Verifying the functionality of isValidIssueDescription",
          "testCaseDescription": "Expecting to return 'false' for 'null' | Issue description cannot be 'null'",
          "result": "Pass"
        },
        {
          "cadre": "Logical",
          "group": "Validator",
          "testClass": "Validator",
          "testCaseID": "LTC13-Validator.isValidIssueDescription",
          "testCaseName": "Verifying the functionality of isValidIssueDescription",
          "testCaseDescription": "Expecting to return 'false' for '' | Issue description cannot be an empty string",
          "result": "Pass"
        },
        {
          "cadre": "Logical",
          "group": "Validator",
          "testClass": "Validator",
          "testCaseID": "LTC14-Validator.isValidIssueDescription",
          "testCaseName": "Verifying the functionality of isValidIssueDescription",
          "testCaseDescription": "Expecting to return 'false' for ' ' | Issue description cannot contain only spaces",
          "result": "Pass"
        },
        {
          "cadre": "Logical",
          "group": "Validator",
          "testClass": "Validator",
          "testCaseID": "LTC1-Validator.isValidReportedOn",
          "testCaseName": "Verifying the functionality of isValidReportedOn",
          "testCaseDescription": "Expecting to return 'true' for '2021-04-20'",
          "result": "Pass"
        },
        {
          "cadre": "Logical",
          "group": "Validator",
          "testClass": "Validator",
          "testCaseID": "LTC2-Validator.isValidReportedOn",
          "testCaseName": "Verifying the functionality of isValidReportedOn",
          "testCaseDescription": "Expecting to return 'true' for '2021-04-19'",
          "result": "Pass"
        },
        {
          "cadre": "Logical",
          "group": "Validator",
          "testClass": "Validator",
          "testCaseID": "LTC3-Validator.isValidReportedOn",
          "testCaseName": "Verifying the functionality of isValidReportedOn",
          "testCaseDescription": "Expecting to return 'true' for '2021-04-05'",
          "result": "Pass"
        },
        {
          "cadre": "Logical",
          "group": "Validator",
          "testClass": "Validator",
          "testCaseID": "LTC4-Validator.isValidReportedOn",
          "testCaseName": "Verifying the functionality of isValidReportedOn",
          "testCaseDescription": "Expecting to return 'true' for '2021-03-21'",
          "result": "Pass"
        },
        {
          "cadre": "Logical",
          "group": "Validator",
          "testClass": "Validator",
          "testCaseID": "LTC5-Validator.isValidReportedOn",
          "testCaseName": "Verifying the functionality of isValidReportedOn",
          "testCaseDescription": "Expecting to return 'true' for '2021-04-06'",
          "result": "Pass"
        },
        {
          "cadre": "Logical",
          "group": "Validator",
          "testClass": "Validator",
          "testCaseID": "LTC6-Validator.isValidReportedOn",
          "testCaseName": "Verifying the functionality of isValidReportedOn",
          "testCaseDescription": "Expecting to return 'false' for 'null' | Date cannot be null",
          "result": "Pass"
        },
        {
          "cadre": "Logical",
          "group": "Validator",
          "testClass": "Validator",
          "testCaseID": "LTC7-Validator.isValidReportedOn",
          "testCaseName": "Verifying the functionality of isValidReportedOn",
          "testCaseDescription": "Expecting to return 'false' for '2021-04-21' | Date cannot be a future date",
          "result": "Pass"
        },
        {
          "cadre": "Logical",
          "group": "Validator",
          "testClass": "Validator",
          "testCaseID": "LTC8-Validator.isValidReportedOn",
          "testCaseName": "Verifying the functionality of isValidReportedOn",
          "testCaseDescription": "Expecting to return 'false' for '2021-05-20' | Date cannot be a future date",
          "result": "Pass"
        },
        {
          "cadre": "Logical",
          "group": "Validator",
          "testClass": "Validator",
          "testCaseID": "LTC9-Validator.isValidReportedOn",
          "testCaseName": "Verifying the functionality of isValidReportedOn",
          "testCaseDescription": "Expecting to return 'false' for '2021-05-04' | Date cannot be a future date",
          "result": "Pass"
        },
        {
          "cadre": "Logical",
          "group": "Validator",
          "testClass": "Validator",
          "testCaseID": "LTC1-Validator.isValidIssueId",
          "testCaseName": "Verifying the functionality of isValidIssueId",
          "testCaseDescription": "Expecting to return 'true' for 'MTI-I-001-LS'",
          "result": "Pass"
        },
        {
          "cadre": "Logical",
          "group": "Validator",
          "testClass": "Validator",
          "testCaseID": "LTC2-Validator.isValidIssueId",
          "testCaseName": "Verifying the functionality of isValidIssueId",
          "testCaseDescription": "Expecting to return 'true' for 'MTI-I-001-MS'",
          "result": "Pass"
        },
        {
          "cadre": "Logical",
          "group": "Validator",
          "testClass": "Validator",
          "testCaseID": "LTC3-Validator.isValidIssueId",
          "testCaseName": "Verifying the functionality of isValidIssueId",
          "testCaseDescription": "Expecting to return 'true' for 'MTI-I-001-HS'",
          "result": "Pass"
        },
        {
          "cadre": "Logical",
          "group": "Validator",
          "testClass": "Validator",
          "testCaseID": "LTC4-Validator.isValidIssueId",
          "testCaseName": "Verifying the functionality of isValidIssueId",
          "testCaseDescription": "Expecting to return 'true' for 'MTI-I-234-MS'",
          "result": "Pass"
        },
        {
          "cadre": "Logical",
          "group": "Validator",
          "testClass": "Validator",
          "testCaseID": "LTC5-Validator.isValidIssueId",
          "testCaseName": "Verifying the functionality of isValidIssueId",
          "testCaseDescription": "Expecting to return 'true' for 'MTI-I-999-MS'",
          "result": "Pass"
        },
        {
          "cadre": "Logical",
          "group": "Validator",
          "testClass": "Validator",
          "testCaseID": "LTC6-Validator.isValidIssueId",
          "testCaseName": "Verifying the functionality of isValidIssueId",
          "testCaseDescription": "Expecting to return 'false' for 'MI-I-234-MS' | First part should be 'MTI'",
          "result": "Pass"
        },
        {
          "cadre": "Logical",
          "group": "Validator",
          "testClass": "Validator",
          "testCaseID": "LTC7-Validator.isValidIssueId",
          "testCaseName": "Verifying the functionality of isValidIssueId",
          "testCaseDescription": "Expecting to return 'false' for 'MTI-Issue-234-MS' | Second part should be 'I'",
          "result": "Pass"
        },
        {
          "cadre": "Logical",
          "group": "Validator",
          "testClass": "Validator",
          "testCaseID": "LTC8-Validator.isValidIssueId",
          "testCaseName": "Verifying the functionality of isValidIssueId",
          "testCaseDescription": "Expecting to return 'false' for 'MTI-I-000-LS' | Third part cannot be 000",
          "result": "Pass"
        },
        {
          "cadre": "Logical",
          "group": "Validator",
          "testClass": "Validator",
          "testCaseID": "LTC9-Validator.isValidIssueId",
          "testCaseName": "Verifying the functionality of isValidIssueId",
          "testCaseDescription": "Expecting to return 'false' for 'MTI-I-23-HS' | Third part should contain three digits",
          "result": "Pass"
        },
        {
          "cadre": "Logical",
          "group": "Validator",
          "testClass": "Validator",
          "testCaseID": "LTC10-Validator.isValidIssueId",
          "testCaseName": "Verifying the functionality of isValidIssueId",
          "testCaseDescription": "Expecting to return 'false' for 'MTI-I-234-S' | Fourth should be 'LS' or 'MS'or 'HS'",
          "result": "Pass"
        },
        {
          "cadre": "Logical",
          "group": "Validator",
          "testClass": "Validator",
          "testCaseID": "LTC11-Validator.isValidIssueId",
          "testCaseName": "Verifying the functionality of isValidIssueId",
          "testCaseDescription": "Expecting to return 'false' for 'I-234-HS' | The Issue Id should have four parts",
          "result": "Pass"
        },
        {
          "cadre": "Logical",
          "group": "Validator",
          "testClass": "Validator",
          "testCaseID": "LTC12-Validator.isValidIssueId",
          "testCaseName": "Verifying the functionality of isValidIssueId",
          "testCaseDescription": "Expecting to return 'false' for 'MTI-234-LS' | The Issue Id should have four parts",
          "result": "Pass"
        },
        {
          "cadre": "Logical",
          "group": "Validator",
          "testClass": "Validator",
          "testCaseID": "LTC13-Validator.isValidIssueId",
          "testCaseName": "Verifying the functionality of isValidIssueId",
          "testCaseDescription": "Expecting to return 'false' for 'MTI-I-MS' | The Issue Id should have four parts",
          "result": "Pass"
        },
        {
          "cadre": "Logical",
          "group": "Validator",
          "testClass": "Validator",
          "testCaseID": "LTC14-Validator.isValidIssueId",
          "testCaseName": "Verifying the functionality of isValidIssueId",
          "testCaseDescription": "Expecting to return 'false' for 'MTI-I-234' | The Issue Id should have four parts",
          "result": "Pass"
        },
        {
          "cadre": "Logical",
          "group": "Validator",
          "testClass": "Validator",
          "testCaseID": "LTC15-Validator.isValidIssueId",
          "testCaseName": "Verifying the functionality of isValidIssueId",
          "testCaseDescription": "Expecting to return 'false' for 'MTII-234-MS' | The Issue Id should have four parts",
          "result": "Pass"
        },
        {
          "cadre": "Logical",
          "group": "Validator",
          "testClass": "Validator",
          "testCaseID": "LTC16-Validator.isValidIssueId",
          "testCaseName": "Verifying the functionality of isValidIssueId",
          "testCaseDescription": "Expecting to return 'false' for 'MTII234MS' | The Issue Id should have four parts,seperated by '-'",
          "result": "Pass"
        },
        {
          "cadre": "Logical",
          "group": "Validator",
          "testClass": "Validator",
          "testCaseID": "LTC17-Validator.isValidIssueId",
          "testCaseName": "Verifying the functionality of isValidIssueId",
          "testCaseDescription": "Expecting to return 'false' for '' | Issue Id cannot be an empty string",
          "result": "Pass"
        },
        {
          "cadre": "Logical",
          "group": "Validator",
          "testClass": "Validator",
          "testCaseID": "LTC18-Validator.isValidIssueId",
          "testCaseName": "Verifying the functionality of isValidIssueId",
          "testCaseDescription": "Expecting to return 'false' for 'null' | Issue Id cannot be 'null'",
          "result": "Pass"
        },
        {
          "cadre": "Logical",
          "group": "Validator",
          "testClass": "Validator",
          "testCaseID": "LTC1-Validator.isValidStatus",
          "testCaseName": "Verifying the functionality of isValidStatus",
          "testCaseDescription": "Expecting to return 'true' for 'OPEN'",
          "result": "Pass"
        },
        {
          "cadre": "Logical",
          "group": "Validator",
          "testClass": "Validator",
          "testCaseID": "LTC2-Validator.isValidStatus",
          "testCaseName": "Verifying the functionality of isValidStatus",
          "testCaseDescription": "Expecting to return 'true' for 'IN_PROGRESS'",
          "result": "Pass"
        },
        {
          "cadre": "Logical",
          "group": "Validator",
          "testClass": "Validator",
          "testCaseID": "LTC3-Validator.isValidStatus",
          "testCaseName": "Verifying the functionality of isValidStatus",
          "testCaseDescription": "Expecting to return 'false' for 'CLOSED' | Issue Status cannot be 'Closed'",
          "result": "Pass"
        },
        {
          "cadre": "Logical",
          "group": "Validator",
          "testClass": "Validator",
          "testCaseID": "LTC4-Validator.isValidStatus",
          "testCaseName": "Verifying the functionality of isValidStatus",
          "testCaseDescription": "Expecting to return 'false' for 'RECALLED' | Issue Status cannot be 'Recalled'",
          "result": "Pass"
        },
        {
          "cadre": "Logical",
          "group": "Validator",
          "testClass": "Validator",
          "testCaseID": "LTC5-Validator.isValidStatus",
          "testCaseName": "Verifying the functionality of isValidStatus",
          "testCaseDescription": "Expecting to return 'false' for 'RESOLVED' | Issue Status cannot be 'Resolved'",
          "result": "Pass"
        },
        {
          "cadre": "Logical",
          "group": "Validator",
          "testClass": "Validator",
          "testCaseID": "LTC6-Validator.isValidStatus",
          "testCaseName": "Verifying the functionality of isValidStatus",
          "testCaseDescription": "Expecting to return 'false' for 'null' | Issue Status cannot be 'null",
          "result": "Pass"
        }
      ]
    }
  }
}