{
  "Code Analysis": {
    "PMD": {
      "PMD": [
        1,
        1,
        0
      ]
    }
  },
  "Structural": {
    "JUnit": {
      "IssueServiceTest": [
        4,
        4,
        0
      ]
    },
    "Model": {
      "Assignee": [
        14,
        14,
        0
      ],
      "IssueReport": [
        10,
        10,
        0
      ],
      "IssueStatus": [
        1,
        1,
        0
      ]
    },
    "Service": {
      "AssigneeServiceImpl": [
        4,
        4,
        0
      ],
      "IssueServiceImpl": [
        6,
        6,
        0
      ]
    },
    "Exception": {
      "IssueTrackerException": [
        2,
        2,
        0
      ]
    },
    "Validator": {
      "Validator": [
        5,
        5,
        0
      ]
    }
  },
  "Logical": {
    "Logging": {
      "Logging": [
        5,
        5,
        0
      ]
    },
    "JUnit": {
      "IssueServiceTest": [
        7,
        7,
        0
      ]
    },
    "Service": {
      "AssigneeServiceImpl": [
        4,
        4,
        0
      ],
      "IssueServiceImpl": [
        10,
        10,
        0
      ]
    },
    "Validator": {
      "Validator": [
        51,
        51,
        0
      ]
    }
  }
}