{
  "Code Analysis": {
    "PMD": {
      "PMD": [
        {
          "cadre": "Code Analysis",
          "group": "PMD",
          "testClass": "PMD",
          "testCaseID": "CATC1-PMD.codingStandards",
          "testCaseName": "Verifying the code for adherence to coding standards",
          "result": "Pass"
        }
      ]
    }
  },
  "Structural": {
    "JUnit": {
      "MobileServiceTest": [
        {
          "cadre": "Structural",
          "group": "JUnit",
          "testClass": "MobileServiceTest",
          "testCaseID": "STC1-MobileServiceTest.registerRequestInvalidIssuesTest",
          "testCaseName": "Verifying the structure of registerRequestInvalidIssuesTest",
          "result": "Pass"
        },
        {
          "cadre": "Structural",
          "group": "JUnit",
          "testClass": "MobileServiceTest",
          "testCaseID": "STC2-MobileServiceTest.registerRequestInvalidBrandTest",
          "testCaseName": "Verifying the structure of registerRequestInvalidBrandTest",
          "result": "Pass"
        },
        {
          "cadre": "Structural",
          "group": "JUnit",
          "testClass": "MobileServiceTest",
          "testCaseID": "STC3-MobileServiceTest.registerRequestInvalidContactNumberTest",
          "testCaseName": "Verifying the structure of registerRequestInvalidContactNumberTest",
          "result": "Pass"
        },
        {
          "cadre": "Structural",
          "group": "JUnit",
          "testClass": "MobileServiceTest",
          "testCaseID": "STC4-MobileServiceTest.attributes",
          "testCaseName": "Verifying the structure of attributes",
          "result": "Pass"
        }
      ]
    },
    "Model": {
      "ServiceReport": [
        {
          "cadre": "Structural",
          "group": "Model",
          "testClass": "ServiceReport",
          "testCaseID": "STC1-ServiceReport.getServiceFee",
          "testCaseName": "Verifying the structure of getServiceFee",
          "result": "Pass"
        },
        {
          "cadre": "Structural",
          "group": "Model",
          "testClass": "ServiceReport",
          "testCaseID": "STC2-ServiceReport.constructor",
          "testCaseName": "Verifying the structure of constructor",
          "result": "Pass"
        },
        {
          "cadre": "Structural",
          "group": "Model",
          "testClass": "ServiceReport",
          "testCaseID": "STC3-ServiceReport.setServiceFee",
          "testCaseName": "Verifying the structure of setServiceFee",
          "result": "Pass"
        },
        {
          "cadre": "Structural",
          "group": "Model",
          "testClass": "ServiceReport",
          "testCaseID": "STC4-ServiceReport.getServiceId",
          "testCaseName": "Verifying the structure of getServiceId",
          "result": "Pass"
        },
        {
          "cadre": "Structural",
          "group": "Model",
          "testClass": "ServiceReport",
          "testCaseID": "STC5-ServiceReport.setIssues",
          "testCaseName": "Verifying the structure of setIssues",
          "result": "Pass"
        },
        {
          "cadre": "Structural",
          "group": "Model",
          "testClass": "ServiceReport",
          "testCaseID": "STC6-ServiceReport.attributes",
          "testCaseName": "Verifying the structure of attributes",
          "result": "Pass"
        },
        {
          "cadre": "Structural",
          "group": "Model",
          "testClass": "ServiceReport",
          "testCaseID": "STC7-ServiceReport.getIssues",
          "testCaseName": "Verifying the structure of getIssues",
          "result": "Pass"
        },
        {
          "cadre": "Structural",
          "group": "Model",
          "testClass": "ServiceReport",
          "testCaseID": "STC8-ServiceReport.setServiceId",
          "testCaseName": "Verifying the structure of setServiceId",
          "result": "Pass"
        },
        {
          "cadre": "Structural",
          "group": "Model",
          "testClass": "ServiceReport",
          "testCaseID": "STC9-ServiceReport.setBrand",
          "testCaseName": "Verifying the structure of setBrand",
          "result": "Pass"
        },
        {
          "cadre": "Structural",
          "group": "Model",
          "testClass": "ServiceReport",
          "testCaseID": "STC10-ServiceReport.getBrand",
          "testCaseName": "Verifying the structure of getBrand",
          "result": "Pass"
        }
      ]
    },
    "Service": {
      "MobileServiceImpl": [
        {
          "cadre": "Structural",
          "group": "Service",
          "testClass": "MobileServiceImpl",
          "testCaseID": "STC1-MobileServiceImpl.inheritance",
          "testCaseName": "Verifying the structure of inheritance",
          "result": "Pass"
        },
        {
          "cadre": "Structural",
          "group": "Service",
          "testClass": "MobileServiceImpl",
          "testCaseID": "STC2-MobileServiceImpl.getServices",
          "testCaseName": "Verifying the structure of getServices",
          "result": "Pass"
        },
        {
          "cadre": "Structural",
          "group": "Service",
          "testClass": "MobileServiceImpl",
          "testCaseID": "STC3-MobileServiceImpl.attributes",
          "testCaseName": "Verifying the structure of attributes",
          "result": "Pass"
        },
        {
          "cadre": "Structural",
          "group": "Service",
          "testClass": "MobileServiceImpl",
          "testCaseID": "STC4-MobileServiceImpl.registerRequest",
          "testCaseName": "Verifying the structure of registerRequest",
          "result": "Pass"
        },
        {
          "cadre": "Structural",
          "group": "Service",
          "testClass": "MobileServiceImpl",
          "testCaseID": "STC5-MobileServiceImpl.calculateEstimateCost",
          "testCaseName": "Verifying the structure of calculateEstimateCost",
          "result": "Pass"
        }
      ]
    },
    "Exception": {
      "MobileServiceException": [
        {
          "cadre": "Structural",
          "group": "Exception",
          "testClass": "MobileServiceException",
          "testCaseID": "STC1-MobileServiceException.inheritance",
          "testCaseName": "Verifying the structure of inheritance",
          "result": "Pass"
        },
        {
          "cadre": "Structural",
          "group": "Exception",
          "testClass": "MobileServiceException",
          "testCaseID": "STC2-MobileServiceException.constructor",
          "testCaseName": "Verifying the structure of constructor",
          "result": "Pass"
        }
      ]
    },
    "Validator": {
      "Validator": [
        {
          "cadre": "Structural",
          "group": "Validator",
          "testClass": "Validator",
          "testCaseID": "STC1-Validator.isValidContactNumber",
          "testCaseName": "Verifying the structure of isValidContactNumber",
          "result": "Pass"
        },
        {
          "cadre": "Structural",
          "group": "Validator",
          "testClass": "Validator",
          "testCaseID": "STC2-Validator.validate",
          "testCaseName": "Verifying the structure of validate",
          "result": "Pass"
        },
        {
          "cadre": "Structural",
          "group": "Validator",
          "testClass": "Validator",
          "testCaseID": "STC3-Validator.isValidIMEINumber",
          "testCaseName": "Verifying the structure of isValidIMEINumber",
          "result": "Pass"
        },
        {
          "cadre": "Structural",
          "group": "Validator",
          "testClass": "Validator",
          "testCaseID": "STC4-Validator.isValidCustomerName",
          "testCaseName": "Verifying the structure of isValidCustomerName",
          "result": "Pass"
        },
        {
          "cadre": "Structural",
          "group": "Validator",
          "testClass": "Validator",
          "testCaseID": "STC5-Validator.isValidIssues",
          "testCaseName": "Verifying the structure of isValidIssues",
          "result": "Pass"
        },
        {
          "cadre": "Structural",
          "group": "Validator",
          "testClass": "Validator",
          "testCaseID": "STC6-Validator.isValidBrand",
          "testCaseName": "Verifying the structure of isValidBrand",
          "result": "Pass"
        }
      ]
    }
  },
  "Logical": {
    "Logging": {
      "Logging": [
        {
          "cadre": "Logical",
          "group": "Logging",
          "testClass": "Logging",
          "testCaseID": "LTC1-Logging.logging",
          "testCaseName": "Verifying the functionality of logging",
          "testCaseDescription": "Expecting exact exceptions to be logged in Validator",
          "result": "Pass"
        },
        {
          "cadre": "Logical",
          "group": "Logging",
          "testClass": "Logging",
          "testCaseID": "LTC2-Logging.logging",
          "testCaseName": "Verifying the functionality of logging",
          "testCaseDescription": "Expecting Validator exceptions to be not logged in MobileServiceImpl",
          "result": "Pass"
        },
        {
          "cadre": "Logical",
          "group": "Logging",
          "testClass": "Logging",
          "testCaseID": "LTC3-Logging.logging",
          "testCaseName": "Verifying the functionality of logging",
          "testCaseDescription": "Expecting exact exceptions to be logged in MobileServiceImpl",
          "result": "Pass"
        }
      ]
    },
    "JUnit": {
      "MobileServiceTest": [
        {
          "cadre": "Logical",
          "group": "JUnit",
          "testClass": "MobileServiceTest",
          "testCaseID": "LTC1-MobileServiceTest.registerRequestInvalidIssuesTest",
          "testCaseName": "Verifying the functionality of registerRequestInvalidIssuesTest",
          "result": "Pass"
        },
        {
          "cadre": "Logical",
          "group": "JUnit",
          "testClass": "MobileServiceTest",
          "testCaseID": "LTC2-MobileServiceTest.registerRequestInvalidContactNumberTest",
          "testCaseName": "Verifying the functionality of registerRequestInvalidContactNumberTest",
          "result": "Pass"
        },
        {
          "cadre": "Logical",
          "group": "JUnit",
          "testClass": "MobileServiceTest",
          "testCaseID": "LTC3-MobileServiceTest.registerRequestInvalidBrandTest",
          "testCaseName": "Verifying the functionality of registerRequestInvalidBrandTest",
          "result": "Pass"
        },
        {
          "cadre": "Logical",
          "group": "JUnit",
          "testClass": "MobileServiceTest",
          "testCaseID": "LTC4-MobileServiceTest.registerRequestInvalidBrandTest",
          "testCaseName": "Verifying the functionality of registerRequestInvalidBrandTest",
          "result": "Pass"
        },
        {
          "cadre": "Logical",
          "group": "JUnit",
          "testClass": "MobileServiceTest",
          "testCaseID": "LTC5-MobileServiceTest.registerRequestInvalidContactNumberTest",
          "testCaseName": "Verifying the functionality of registerRequestInvalidContactNumberTest",
          "result": "Pass"
        },
        {
          "cadre": "Logical",
          "group": "JUnit",
          "testClass": "MobileServiceTest",
          "testCaseID": "LTC6-MobileServiceTest.registerRequestInvalidIssuesTest",
          "testCaseName": "Verifying the functionality of registerRequestInvalidIssuesTest",
          "result": "Pass"
        }
      ]
    },
    "Service": {
      "MobileServiceImpl": [
        {
          "cadre": "Logical",
          "group": "Service",
          "testClass": "MobileServiceImpl",
          "testCaseID": "LTC1-MobileServiceImpl.getServices",
          "testCaseName": "Verifying the functionality of getServices",
          "testCaseDescription": "Expecting an exception throw - 'Service.NO_RECORDS_FOUND'",
          "result": "Pass"
        },
        {
          "cadre": "Logical",
          "group": "Service",
          "testClass": "MobileServiceImpl",
          "testCaseID": "LTC2-MobileServiceImpl.getServices",
          "testCaseName": "Verifying the functionality of getServices",
          "result": "Pass"
        },
        {
          "cadre": "Logical",
          "group": "Service",
          "testClass": "MobileServiceImpl",
          "testCaseID": "LTC3-MobileServiceImpl.registerRequest",
          "testCaseName": "Verifying the functionality of registerRequest",
          "testCaseDescription": "Expecting an exception throw - 'Service.INVALID_ISSUES'",
          "result": "Pass"
        },
        {
          "cadre": "Logical",
          "group": "Service",
          "testClass": "MobileServiceImpl",
          "testCaseID": "LTC4-MobileServiceImpl.registerRequest",
          "testCaseName": "Verifying the functionality of registerRequest",
          "result": "Pass"
        },
        {
          "cadre": "Logical",
          "group": "Service",
          "testClass": "MobileServiceImpl",
          "testCaseID": "LTC1-MobileServiceImpl.calculateEstimateCost",
          "testCaseName": "Verifying the functionality of calculateEstimateCost for '[Battery Issue]'",
          "result": "Pass"
        },
        {
          "cadre": "Logical",
          "group": "Service",
          "testClass": "MobileServiceImpl",
          "testCaseID": "LTC2-MobileServiceImpl.calculateEstimateCost",
          "testCaseName": "Verifying the functionality of calculateEstimateCost for '[Battery]'",
          "result": "Pass"
        },
        {
          "cadre": "Logical",
          "group": "Service",
          "testClass": "MobileServiceImpl",
          "testCaseID": "LTC3-MobileServiceImpl.calculateEstimateCost",
          "testCaseName": "Verifying the functionality of calculateEstimateCost for '[Camera]'",
          "result": "Pass"
        },
        {
          "cadre": "Logical",
          "group": "Service",
          "testClass": "MobileServiceImpl",
          "testCaseID": "LTC4-MobileServiceImpl.calculateEstimateCost",
          "testCaseName": "Verifying the functionality of calculateEstimateCost for '[Screen]'",
          "result": "Pass"
        },
        {
          "cadre": "Logical",
          "group": "Service",
          "testClass": "MobileServiceImpl",
          "testCaseID": "LTC5-MobileServiceImpl.calculateEstimateCost",
          "testCaseName": "Verifying the functionality of calculateEstimateCost for '[Camera, Battery]'",
          "result": "Pass"
        },
        {
          "cadre": "Logical",
          "group": "Service",
          "testClass": "MobileServiceImpl",
          "testCaseID": "LTC6-MobileServiceImpl.calculateEstimateCost",
          "testCaseName": "Verifying the functionality of calculateEstimateCost for '[Screen, Camera, Battery]'",
          "result": "Pass"
        },
        {
          "cadre": "Logical",
          "group": "Service",
          "testClass": "MobileServiceImpl",
          "testCaseID": "LTC7-MobileServiceImpl.calculateEstimateCost",
          "testCaseName": "Verifying the functionality of calculateEstimateCost for '[Screen, Camera, Camera Screen, Screen]'",
          "result": "Pass"
        }
      ]
    },
    "Validator": {
      "Validator": [
        {
          "cadre": "Logical",
          "group": "Validator",
          "testClass": "Validator",
          "testCaseID": "LTC1-Validator.isValidContactNumber",
          "testCaseName": "Verifying the functionality of isValidContactNumber for '1234567890' to be 'true'",
          "result": "Pass"
        },
        {
          "cadre": "Logical",
          "group": "Validator",
          "testClass": "Validator",
          "testCaseID": "LTC2-Validator.isValidContactNumber",
          "testCaseName": "Verifying the functionality of isValidContactNumber for '12345678' to be 'false'",
          "testCaseDescription": "Contact Number has Less than 10 digits",
          "result": "Pass"
        },
        {
          "cadre": "Logical",
          "group": "Validator",
          "testClass": "Validator",
          "testCaseID": "LTC3-Validator.isValidContactNumber",
          "testCaseName": "Verifying the functionality of isValidContactNumber for '12345678123456789' to be 'false'",
          "testCaseDescription": "Contact Number has More than 10 digits",
          "result": "Pass"
        },
        {
          "cadre": "Logical",
          "group": "Validator",
          "testClass": "Validator",
          "testCaseID": "LTC4-Validator.isValidContactNumber",
          "testCaseName": "Verifying the functionality of isValidContactNumber for '9999999999' to be 'false'",
          "testCaseDescription": "ten digits are same.",
          "result": "Pass"
        },
        {
          "cadre": "Logical",
          "group": "Validator",
          "testClass": "Validator",
          "testCaseID": "LTC1-Validator.validate",
          "testCaseName": "Verifying the functionality of validate",
          "testCaseDescription": "Expecting an exception throw - 'Validator.INVALID_BRAND'",
          "result": "Pass"
        },
        {
          "cadre": "Logical",
          "group": "Validator",
          "testClass": "Validator",
          "testCaseID": "LTC2-Validator.validate",
          "testCaseName": "Verifying the functionality of validate",
          "testCaseDescription": "Expecting an exception throw - 'Validator.INVALID_NO_OF_ISSUES'",
          "result": "Pass"
        },
        {
          "cadre": "Logical",
          "group": "Validator",
          "testClass": "Validator",
          "testCaseID": "LTC3-Validator.validate",
          "testCaseName": "Verifying the functionality of validate",
          "testCaseDescription": "Expecting an exception throw - 'Validator.INVALID_IMEI_NUMBER'",
          "result": "Pass"
        },
        {
          "cadre": "Logical",
          "group": "Validator",
          "testClass": "Validator",
          "testCaseID": "LTC4-Validator.validate",
          "testCaseName": "Verifying the functionality of validate",
          "testCaseDescription": "Expecting an exception throw - 'Validator.INVALID_CONTACT_NUMBER'",
          "result": "Pass"
        },
        {
          "cadre": "Logical",
          "group": "Validator",
          "testClass": "Validator",
          "testCaseID": "LTC5-Validator.validate",
          "testCaseName": "Verifying the functionality of validate",
          "testCaseDescription": "Expecting an exception throw - 'Validator.INVALID_CUSTOMER_NAME'",
          "result": "Pass"
        },
        {
          "cadre": "Logical",
          "group": "Validator",
          "testClass": "Validator",
          "testCaseID": "LTC1-Validator.isValidIMEINumber",
          "testCaseName": "Verifying the functionality of isValidIMEINumber for '1234567812345678' to be 'true'",
          "result": "Pass"
        },
        {
          "cadre": "Logical",
          "group": "Validator",
          "testClass": "Validator",
          "testCaseID": "LTC2-Validator.isValidIMEINumber",
          "testCaseName": "Verifying the functionality of isValidIMEINumber for '12345678' to be 'false'",
          "testCaseDescription": "IMEINumber has Less than 16 digits",
          "result": "Pass"
        },
        {
          "cadre": "Logical",
          "group": "Validator",
          "testClass": "Validator",
          "testCaseID": "LTC3-Validator.isValidIMEINumber",
          "testCaseName": "Verifying the functionality of isValidIMEINumber for '12345678123456789' to be 'false'",
          "testCaseDescription": "IMEINumber has More than 16 digits",
          "result": "Pass"
        },
        {
          "cadre": "Logical",
          "group": "Validator",
          "testClass": "Validator",
          "testCaseID": "LTC1-Validator.isValidCustomerName",
          "testCaseName": "Verifying the functionality of isValidCustomerName for 'Valid Name' to be 'true'",
          "result": "Pass"
        },
        {
          "cadre": "Logical",
          "group": "Validator",
          "testClass": "Validator",
          "testCaseID": "LTC2-Validator.isValidCustomerName",
          "testCaseName": "Verifying the functionality of isValidCustomerName for 'Invalid  Name  Because of     Spaces' to be 'false'",
          "testCaseDescription": "wordS not separated by a single space",
          "result": "Pass"
        },
        {
          "cadre": "Logical",
          "group": "Validator",
          "testClass": "Validator",
          "testCaseID": "LTC3-Validator.isValidCustomerName",
          "testCaseName": "Verifying the functionality of isValidCustomerName for 'INvalid Name Wrong Casing' to be 'false'",
          "testCaseDescription": "characters other than first character of an words, are in upper case",
          "result": "Pass"
        },
        {
          "cadre": "Logical",
          "group": "Validator",
          "testClass": "Validator",
          "testCaseID": "LTC4-Validator.isValidCustomerName",
          "testCaseName": "Verifying the functionality of isValidCustomerName for 'invalid Name' to be 'false'",
          "testCaseDescription": "first character not in upper case",
          "result": "Pass"
        },
        {
          "cadre": "Logical",
          "group": "Validator",
          "testClass": "Validator",
          "testCaseID": "LTC1-Validator.isValidIssues",
          "testCaseName": "Verifying the functionality of isValidIssues for '[Battery]' to be 'true'",
          "result": "Pass"
        },
        {
          "cadre": "Logical",
          "group": "Validator",
          "testClass": "Validator",
          "testCaseID": "LTC2-Validator.isValidIssues",
          "testCaseName": "Verifying the functionality of isValidIssues for '[Battery, Camera]' to be 'true'",
          "result": "Pass"
        },
        {
          "cadre": "Logical",
          "group": "Validator",
          "testClass": "Validator",
          "testCaseID": "LTC3-Validator.isValidIssues",
          "testCaseName": "Verifying the functionality of isValidIssues for '[Battery Camera]' to be 'true'",
          "result": "Pass"
        },
        {
          "cadre": "Logical",
          "group": "Validator",
          "testClass": "Validator",
          "testCaseID": "LTC4-Validator.isValidIssues",
          "testCaseName": "Verifying the functionality of isValidIssues for '[Battery, Screen, Batttttery]' to be 'true'",
          "result": "Pass"
        },
        {
          "cadre": "Logical",
          "group": "Validator",
          "testClass": "Validator",
          "testCaseID": "LTC5-Validator.isValidIssues",
          "testCaseName": "Verifying the functionality of isValidIssues for 'null' to be 'false'",
          "testCaseDescription": "Issues are null",
          "result": "Pass"
        },
        {
          "cadre": "Logical",
          "group": "Validator",
          "testClass": "Validator",
          "testCaseID": "LTC6-Validator.isValidIssues",
          "testCaseName": "Verifying the functionality of isValidIssues for '[]' to be 'false'",
          "testCaseDescription": "Issues is an Empty List",
          "result": "Pass"
        },
        {
          "cadre": "Logical",
          "group": "Validator",
          "testClass": "Validator",
          "testCaseID": "LTC1-Validator.isValidBrand",
          "testCaseName": "Verifying the functionality of isValidBrand for 'Brand' to be 'true'",
          "result": "Pass"
        },
        {
          "cadre": "Logical",
          "group": "Validator",
          "testClass": "Validator",
          "testCaseID": "LTC2-Validator.isValidBrand",
          "testCaseName": "Verifying the functionality of isValidBrand for 'Invalid Brand' to be 'false'",
          "testCaseDescription": "Brand contain spaces",
          "result": "Pass"
        },
        {
          "cadre": "Logical",
          "group": "Validator",
          "testClass": "Validator",
          "testCaseID": "LTC3-Validator.isValidBrand",
          "testCaseName": "Verifying the functionality of isValidBrand for 'Brand55' to be 'false'",
          "testCaseDescription": "Brand contain digits",
          "result": "Pass"
        },
        {
          "cadre": "Logical",
          "group": "Validator",
          "testClass": "Validator",
          "testCaseID": "LTC4-Validator.isValidBrand",
          "testCaseName": "Verifying the functionality of isValidBrand for 'brand' to be 'false'",
          "testCaseDescription": "Brand first character is not in Upper Case",
          "result": "Pass"
        }
      ]
    }
  }
}